{
  "Ansi 5 Color" : {
    "Red Component" : 0.98751437664031982,
    "Color Space" : "Calibrated",
    "Blue Component" : 0.70531737804412842,
    "Alpha Component" : 1,
    "Green Component" : 0.29879066348075867
  },
  "Tags" : [

  ],
  "Ansi 12 Color" : {
    "Red Component" : 0.28794747591018677,
    "Color Space" : "Calibrated",
    "Blue Component" : 0.99877303838729858,
    "Alpha Component" : 1,
    "Green Component" : 0.72887319326400757
  },
  "Guid" : "E8E20B00-AB95-4907-ADFB-7FE2FE8D6D92",
  "Ansi 7 Color" : {
    "Red Component" : 0.93123704195022583,
    "Color Space" : "Calibrated",
    "Blue Component" : 0.92636489868164062,
    "Alpha Component" : 1,
    "Green Component" : 0.93136489391326904
  },
  "Bold Color" : {
    "Red Component" : 0.96355170011520386,
    "Color Space" : "Calibrated",
    "Blue Component" : 0.96353918313980103,
    "Alpha Component" : 1,
    "Green Component" : 0.96352285146713257
  },
  "Ansi 8 Color" : {
    "Red Component" : 0.33335760235786438,
    "Color Space" : "Calibrated",
    "Blue Component" : 0.33335328102111816,
    "Alpha Component" : 1,
    "Green Component" : 0.3333476185798645
  },
  "Ansi 9 Color" : {
    "Red Component" : 0.98747438192367554,
    "Color Space" : "Calibrated",
    "Blue Component" : 0.27334880828857422,
    "Alpha Component" : 1,
    "Green Component" : 0.26170071959495544
  },
  "Link Color" : {
    "Red Component" : 0.24144099652767181,
    "Color Space" : "Calibrated",
    "Blue Component" : 0.82339191436767578,
    "Alpha Component" : 1,
    "Green Component" : 0.6027643084526062
  },
  "Rows" : 25,
  "Default Bookmark" : "No",
  "Horizontal Spacing" : 1,
  "Cursor Guide Color" : {
    "Red Component" : 0.64999997615814209,
    "Color Space" : "Calibrated",
    "Blue Component" : 1,
    "Alpha Component" : 0.25,
    "Green Component" : 0.9100000262260437
  },
  "Non-ASCII Anti Aliased" : true,
  "Use Bright Bold" : true,
  "Ansi 10 Color" : {
    "Red Component" : 0.31426474452018738,
    "Color Space" : "Calibrated",
    "Blue Component" : 0.48438894748687744,
    "Alpha Component" : 1,
    "Green Component" : 0.98277664184570312
  },
  "Ambiguous Double Width" : false,
  "Jobs to Ignore" : [
    "rlogin",
    "ssh",
    "slogin",
    "telnet"
  ],
  "Ansi 15 Color" : {
    "Red Component" : 0.93123704195022583,
    "Color Space" : "Calibrated",
    "Blue Component" : 0.92636489868164062,
    "Alpha Component" : 1,
    "Green Component" : 0.93136489391326904
  },
  "Foreground Color" : {
    "Red Component" : 0.9216761589050293,
    "Color Space" : "Calibrated",
    "Blue Component" : 0.90218889713287354,
    "Alpha Component" : 1,
    "Green Component" : 0.92725068330764771
  },
  "Bound Hosts" : [

  ],
  "Working Directory" : "",
  "Blinking Cursor" : false,
  "Disable Window Resizing" : true,
  "Sync Title" : false,
  "Prompt Before Closing 2" : false,
  "BM Growl" : true,
  "Command" : "\/usr\/local\/bin\/zsh",
  "Description" : "Default",
  "Mouse Reporting" : true,
  "Screen" : -1,
  "Selection Color" : {
    "Red Component" : 0.50582021474838257,
    "Color Space" : "Calibrated",
    "Blue Component" : 0.77537858486175537,
    "Alpha Component" : 1,
    "Green Component" : 0.68074733018875122
  },
  "Columns" : 80,
  "Idle Code" : 0,
  "Ansi 13 Color" : {
    "Red Component" : 0.98751437664031982,
    "Color Space" : "Calibrated",
    "Blue Component" : 0.70531737804412842,
    "Alpha Component" : 1,
    "Green Component" : 0.29879066348075867
  },
  "Custom Command" : "Yes",
  "ASCII Anti Aliased" : true,
  "Non Ascii Font" : "Monaco 12",
  "Vertical Spacing" : 1,
  "Use Bold Font" : true,
  "Option Key Sends" : 0,
  "Selected Text Color" : {
    "Red Component" : 0,
    "Color Space" : "Calibrated",
    "Blue Component" : 0,
    "Alpha Component" : 1,
    "Green Component" : 0
  },
  "Background Color" : {
    "Red Component" : 0.1176580935716629,
    "Color Space" : "Calibrated",
    "Blue Component" : 0.15977835655212402,
    "Alpha Component" : 1,
    "Green Component" : 0.12215268611907959
  },
  "Character Encoding" : 4,
  "Ansi 11 Color" : {
    "Red Component" : 0.9424901008605957,
    "Color Space" : "Calibrated",
    "Blue Component" : 0.54832202196121216,
    "Alpha Component" : 1,
    "Green Component" : 0.98275065422058105
  },
  "Use Italic Font" : true,
  "Unlimited Scrollback" : true,
  "Keyboard Map" : {

  },
  "Window Type" : 12,
  "Semantic History" : {
    "action" : "best editor",
    "text" : "",
    "editor" : "com.sublimetext.3"
  },
  "Initial Text" : "",
  "Background Image Location" : "",
  "Blur" : false,
  "Badge Color" : {
    "Red Component" : 1,
    "Color Space" : "Calibrated",
    "Blue Component" : 0,
    "Alpha Component" : 0.5,
    "Green Component" : 0
  },
  "Scrollback Lines" : 0,
  "Send Code When Idle" : false,
  "Close Sessions On End" : true,
  "Terminal Type" : "xterm-256color",
  "Visual Bell" : true,
  "Flashing Bell" : false,
  "Silence Bell" : false,
  "Ansi 14 Color" : {
    "Red Component" : 0.54558646678924561,
    "Color Space" : "Calibrated",
    "Blue Component" : 0.9942852258682251,
    "Alpha Component" : 1,
    "Green Component" : 0.91508829593658447
  },
  "Unicode Version" : 9,
  "Name" : "Snazzy",
  "Cursor Text Color" : {
    "Red Component" : 0.1176580935716629,
    "Color Space" : "Calibrated",
    "Blue Component" : 0.15977835655212402,
    "Alpha Component" : 1,
    "Green Component" : 0.12215268611907959
  },
  "Shortcut" : "",
  "Cursor Color" : {
    "Red Component" : 0.89585232734680176,
    "Color Space" : "Calibrated",
    "Blue Component" : 0.89585196971893311,
    "Alpha Component" : 1,
    "Green Component" : 0.89585232734680176
  },
  "Transparency" : 0,
  "Ansi 1 Color" : {
    "Red Component" : 0.98747438192367554,
    "Color Space" : "Calibrated",
    "Blue Component" : 0.27334880828857422,
    "Alpha Component" : 1,
    "Green Component" : 0.26170071959495544
  },
  "Ansi 2 Color" : {
    "Red Component" : 0.31426474452018738,
    "Color Space" : "Calibrated",
    "Blue Component" : 0.48438894748687744,
    "Alpha Component" : 1,
    "Green Component" : 0.98277664184570312
  },
  "Ansi 3 Color" : {
    "Red Component" : 0.9424901008605957,
    "Color Space" : "Calibrated",
    "Blue Component" : 0.54832202196121216,
    "Alpha Component" : 1,
    "Green Component" : 0.98275065422058105
  },
  "Ansi 4 Color" : {
    "Red Component" : 0.28794747591018677,
    "Color Space" : "Calibrated",
    "Blue Component" : 0.99877303838729858,
    "Alpha Component" : 1,
    "Green Component" : 0.72887319326400757
  },
  "Set Local Environment Vars" : false,
  "Use Non-ASCII Font" : false,
  "Right Option Key Sends" : 0,
  "Normal Font" : "Menlo-Regular 14",
  "Ansi 6 Color" : {
    "Red Component" : 0.54558646678924561,
    "Color Space" : "Calibrated",
    "Blue Component" : 0.9942852258682251,
    "Alpha Component" : 1,
    "Green Component" : 0.91508829593658447
  },
  "Custom Directory" : "Recycle",
  "Ansi 0 Color" : {
    "Red Component" : 0,
    "Color Space" : "Calibrated",
    "Blue Component" : 0,
    "Alpha Component" : 1,
    "Green Component" : 0
  }
}